GeoFIPS,GeoName,Region,TableName,LineCode,IndustryClassification,Description,Unit,1997,1998,1999,2000,2001,2002,2003,2004,2005,2006,2007,2008,2009,2010,2011,2012,2013,2014,2015,2016,2017,2018,2019,2020,2021,2022,2023,2024,2025
 "21000","Kentucky",5,SAGDP9,1,"...","All industry total ","Millions of chained 2017 dollars",155770.4,160810.1,165761.9,161101.0,161316.4,165435.3,170481.9,175344.6,182017.9,186332.6,185790.0,186515.9,178112.8,186720.6,188389.8,192060.1,196698.0,196795.8,199487.1,201007.2,203564.0,205940.1,211783.1,206601.9,215535.0,220641.8,226942.4,230966.4,233243.1
 "21000","Kentucky",5,SAGDP9,2,"..."," Private industries ","Millions of chained 2017 dollars",129999.3,134936.3,139576.8,135335.7,135519.0,139058.2,143842.6,148567.5,154014.6,157530.7,156694.1,156310.5,148797.0,156231.7,158457.4,162148.3,167129.9,167861.3,171007.0,173103.7,176018.2,178298.4,184021.4,179458.8,189020.6,193890.1,200133.5,203851.1,206086.3
 "21000","Kentucky",5,SAGDP9,3,"11","  Agriculture, forestry, fishing and hunting ","Millions of chained 2017 dollars",2137.2,2114.5,2012.1,2888.6,2368.0,2272.3,2210.8,2654.7,2724.6,3055.6,2073.6,1485.8,2288.6,1643.7,1783.5,1700.5,2861.0,2434.4,2753.5,2714.8,2974.1,2941.1,2971.5,2630.5,3198.4,3163.7,3042.6,3112.6,3268.8
 "21000","Kentucky",5,SAGDP9,4,"111-112","   Farms ","Millions of chained 2017 dollars",1784.5,1754.7,1630.1,2489.5,1929.6,1848.8,1760.1,2183.9,2261.2,2527.0,1607.6,1036.3,1836.0,1230.2,1374.2,1294.0,2390.0,1969.8,2248.5,2194.4,2462.3,2417.7,2418.3,2021.1,2619.1,2596.0,2446.4,2501.4,(NA)
 "21000","Kentucky",5,SAGDP9,5,"113-115","   Forestry, fishing, and related activities ","Millions of chained 2017 dollars",373.9,382.9,407.7,438.0,476.3,460.2,492.5,499.6,488.2,557.0,501.3,511.8,512.9,460.0,450.3,453.2,438.2,466.7,502.5,518.1,511.8,522.9,550.9,595.1,559.3,546.0,594.0,609.2,(NA)
 "21000","Kentucky",5,SAGDP9,6,"21","  Mining, quarrying, and oil and gas extraction ","Millions of chained 2017 dollars",5150.8,6048.6,5899.9,5679.1,6573.8,5733.8,5523.4,4979.9,5396.4,5480.8,5472.3,5207.9,5309.9,4953.4,4958.5,3894.6,3745.3,3300.8,2939.2,2216.5,1985.3,1889.3,1797.0,1672.7,1589.6,1832.9,2089.2,1833.2,1622.3
 "21000","Kentucky",5,SAGDP9,7,"211","   Oil and gas extraction ","Millions of chained 2017 dollars",94.7,117.7,91.8,69.0,117.2,148.5,118.8,125.6,120.1,173.7,153.8,155.2,194.5,177.3,156.4,149.1,133.5,137.7,194.0,195.5,161.8,120.2,144.2,104.5,77.2,67.9,86.2,81.9,(NA)
 "21000","Kentucky",5,SAGDP9,8,"212","   Mining (except oil and gas) ","Millions of chained 2017 dollars",5325.9,6304.3,6186.3,5957.0,6764.2,5758.0,5556.2,4876.7,5288.2,5091.1,5086.7,4742.2,4772.2,4425.9,4457.2,3413.2,3306.3,2803.4,2485.0,1886.0,1658.7,1593.6,1479.1,1429.8,1332.5,1545.1,1753.2,1535.3,(NA)
 "21000","Kentucky",5,SAGDP9,9,"213","   Support activities for mining ","Millions of chained 2017 dollars",74.8,62.2,55.3,70.6,100.3,110.6,135.9,171.3,222.2,316.8,364.2,411.9,389.5,401.7,421.8,376.4,356.6,383.2,250.4,138.8,164.7,180.3,177.7,128.4,182.6,246.3,276.0,239.6,(NA)
 "21000","Kentucky",5,SAGDP9,10,"22","  Utilities ","Millions of chained 2017 dollars",3122.8,2894.9,3296.4,3367.6,2645.8,2582.2,2478.6,2652.7,2577.0,2685.8,2786.2,2910.8,2921.2,3417.5,3576.2,3682.6,3721.7,3535.9,3464.3,3759.4,3627.6,3479.4,3498.6,3659.1,3736.1,3861.6,3753.7,3822.5,3744.6
 "21000","Kentucky",5,SAGDP9,11,"23","  Construction ","Millions of chained 2017 dollars",10348.5,10485.2,10656.5,10566.8,10263.9,9502.4,9827.1,9927.6,9603.5,8791.1,8699.0,8440.5,7791.4,7295.1,7284.8,7659.8,7560.0,7720.4,7868.3,7771.5,7813.5,7774.3,8036.0,7932.5,7908.3,7570.8,7795.9,8293.6,8064.6
 "21000","Kentucky",5,SAGDP9,12,"31-33","  Manufacturing ","Millions of chained 2017 dollars",31896.7,32266.1,33001.4,27039.3,26488.6,27728.1,29208.9,30239.9,30968.3,34066.1,32635.2,31222.0,26145.1,30498.8,30712.6,33871.0,36046.3,35371.6,34708.3,34383.5,35880.9,36013.0,38568.1,36216.0,37481.5,39065.3,39145.9,40987.9,41264.8
 "21000","Kentucky",5,SAGDP9,13,"321,327-339","   Durable goods manufacturing ","Millions of chained 2017 dollars",14709.8,15533.9,16597.9,13188.2,13100.5,13813.5,15222.6,15869.0,16636.7,18301.8,16949.9,15678.1,11033.0,15124.5,16149.6,17504.4,18257.1,19194.6,19900.7,19952.8,20353.0,19919.2,21717.1,19547.1,20347.5,22567.6,22736.2,23642.7,23946.9
 "21000","Kentucky",5,SAGDP9,14,"321","    Wood product manufacturing ","Millions of chained 2017 dollars",485.3,562.3,485.5,571.2,513.3,595.2,633.7,532.5,583.3,652.1,676.5,741.3,640.2,650.7,737.6,738.9,676.5,616.3,677.0,682.2,706.0,653.4,813.2,688.8,588.9,566.6,672.4,672.4,(NA)
 "21000","Kentucky",5,SAGDP9,15,"327","    Nonmetallic mineral product manufacturing ","Millions of chained 2017 dollars",1063.8,1076.5,1001.7,1018.1,1051.4,956.3,1128.1,1424.3,1324.1,1021.4,955.3,1005.2,682.3,754.6,788.0,942.4,1068.2,956.5,922.4,873.8,1074.0,996.7,971.9,934.9,990.8,1003.9,903.5,838.2,(NA)
 "21000","Kentucky",5,SAGDP9,16,"331","    Primary metal manufacturing ","Millions of chained 2017 dollars",1209.0,1309.2,1384.6,1270.5,1359.9,2079.8,2477.7,1889.2,1708.1,2042.7,1343.9,1205.2,1044.3,1240.9,1260.8,1649.5,2168.7,2285.5,2764.8,2949.6,2578.2,2090.9,2567.7,2546.2,2102.4,2458.7,3090.1,3578.7,(NA)
 "21000","Kentucky",5,SAGDP9,17,"332","    Fabricated metal product manufacturing ","Millions of chained 2017 dollars",2087.7,2013.0,2120.6,2389.3,1995.6,2110.7,2049.6,2079.8,1958.7,2028.3,2087.8,1960.2,1506.1,1763.5,1901.0,1934.8,1957.7,2010.3,2027.2,1882.0,2136.1,2333.5,2289.9,1939.8,2125.8,1976.0,1865.6,1813.8,(NA)
 "21000","Kentucky",5,SAGDP9,18,"333","    Machinery manufacturing ","Millions of chained 2017 dollars",2012.6,1857.2,1936.6,1731.5,1563.3,1399.5,1408.8,1613.5,1885.9,2065.7,2067.6,2109.9,1735.6,1912.6,2295.3,2091.4,2003.9,2102.0,2076.9,1707.9,2073.1,1994.8,2210.5,1912.9,2119.8,2210.1,2126.9,2228.1,(NA)
 "21000","Kentucky",5,SAGDP9,19,"334","    Computer and electronic product manufacturing ","Millions of chained 2017 dollars",84.3,93.2,107.5,134.2,259.3,417.3,352.7,356.0,398.2,459.7,622.4,524.3,537.1,727.7,923.1,967.1,858.6,1082.9,1075.9,1273.2,734.4,669.4,699.1,580.4,584.9,624.2,623.3,578.1,(NA)
 "21000","Kentucky",5,SAGDP9,20,"335","    Electrical equipment, appliance, and component manufacturing ","Millions of chained 2017 dollars",1464.6,1356.1,1321.4,1360.7,1232.6,1385.4,1376.6,1126.1,1056.1,1208.3,1405.1,1833.8,1359.9,1444.3,1356.9,1433.2,1676.0,1396.2,1511.7,1273.8,1550.4,1807.1,1757.4,2026.3,2109.3,1978.3,1698.1,1784.3,(NA)
 "21000","Kentucky",5,SAGDP9,21,"3361-3363","    Motor vehicles, bodies and trailers, and parts manufacturing ","Millions of chained 2017 dollars",5877.7,6655.4,7458.9,4486.3,4525.7,4223.5,5234.2,6086.8,6741.8,7675.4,6837.8,5298.5,2531.9,5507.0,6006.6,6805.7,6729.3,7573.4,7692.7,8081.5,8264.5,8243.0,9217.7,7723.9,8550.1,11178.6,11229.6,11736.1,(NA)
 "21000","Kentucky",5,SAGDP9,22,"3364-3466,3369","    Other transportation equipment manufacturing ","Millions of chained 2017 dollars",308.2,298.6,340.1,363.2,330.7,277.2,298.8,322.8,381.8,390.0,501.3,633.0,628.6,704.0,515.0,490.5,558.9,513.9,538.4,625.5,589.4,542.8,589.7,516.7,499.8,499.1,575.5,630.6,(NA)
 "21000","Kentucky",5,SAGDP9,23,"337","    Furniture and related product manufacturing ","Millions of chained 2017 dollars",399.0,380.4,433.2,457.0,390.3,347.2,284.3,393.6,398.6,391.4,353.3,304.1,252.3,254.1,244.3,238.3,271.8,309.6,304.7,274.4,284.6,286.1,243.4,265.2,277.0,245.1,215.0,205.5,(NA)
 "21000","Kentucky",5,SAGDP9,24,"339","    Miscellaneous manufacturing ","Millions of chained 2017 dollars",639.3,556.7,449.8,446.7,407.4,421.8,355.6,393.6,490.1,467.3,516.9,538.8,348.3,384.3,374.4,372.0,339.3,402.4,329.9,363.9,362.4,326.7,389.4,419.7,470.5,478.6,507.1,548.9,(NA)
 "21000","Kentucky",5,SAGDP9,25,"311-316,322-326","   Nondurable goods manufacturing ","Millions of chained 2017 dollars",17974.4,17107.8,16396.4,14048.0,13499.6,13992.3,13832.2,14173.1,14000.1,15399.4,15467.2,15430.5,15299.0,15387.4,14558.3,16353.5,17762.5,16171.0,14807.8,14431.8,15527.9,16090.2,16852.4,16661.6,17128.3,16609.1,16531.8,17459.7,17446.3
 "21000","Kentucky",5,SAGDP9,26,"311-312","    Food and beverage and tobacco product manufacturing ","Millions of chained 2017 dollars",9375.9,8623.6,7605.2,5432.2,5118.5,5013.5,4755.7,4916.4,5021.7,5605.5,6326.5,6299.5,6177.1,6299.1,6730.4,7314.9,7554.6,7522.1,7194.0,6916.7,7773.7,7721.9,7783.9,8313.8,8173.6,8714.2,8675.7,9033.6,(NA)
 "21000","Kentucky",5,SAGDP9,27,"313-314","    Textile mills and textile product mills ","Millions of chained 2017 dollars",173.5,213.8,240.1,238.5,202.8,197.5,142.6,148.2,124.2,124.8,133.4,137.3,111.2,104.3,90.4,118.0,146.3,167.2,180.1,170.2,181.2,157.8,141.7,135.9,141.8,131.7,127.8,129.5,(NA)
 "21000","Kentucky",5,SAGDP9,28,"315-316","    Apparel, leather, and allied product manufacturing ","Millions of chained 2017 dollars",709.1,552.6,372.3,471.9,367.1,482.9,454.3,429.6,241.2,130.8,109.7,104.4,90.3,101.0,90.4,86.8,81.7,67.5,56.6,52.0,57.2,58.0,58.2,64.5,82.0,81.6,77.4,81.6,(NA)
 "21000","Kentucky",5,SAGDP9,29,"322","    Paper manufacturing ","Millions of chained 2017 dollars",1437.4,1436.7,1495.6,1624.5,1566.2,1733.4,1681.6,1625.7,1563.4,1845.3,1701.2,1557.6,1819.3,1530.2,1347.8,1479.8,1425.5,1694.1,1538.4,1681.8,1209.5,1611.0,1330.5,1169.3,1430.9,1301.9,1288.9,1328.7,(NA)
 "21000","Kentucky",5,SAGDP9,30,"323","    Printing and related support activities ","Millions of chained 2017 dollars",657.1,607.4,659.2,694.2,689.5,714.8,698.4,720.1,722.0,758.3,736.4,768.9,767.8,889.2,895.3,734.6,781.8,779.9,773.0,760.1,748.3,729.9,692.0,572.5,573.5,475.1,415.0,398.7,(NA)
 "21000","Kentucky",5,SAGDP9,31,"324","    Petroleum and coal products manufacturing ","Millions of chained 2017 dollars",1044.5,1152.8,796.0,865.1,1335.5,1209.1,1206.8,1642.8,1459.4,1428.7,1322.7,1715.1,1894.0,1326.6,936.7,1276.4,2022.4,1534.4,1329.8,944.7,1224.9,1531.8,1843.7,793.1,1005.7,741.7,865.4,953.7,(NA)
 "21000","Kentucky",5,SAGDP9,32,"325","    Chemical manufacturing ","Millions of chained 2017 dollars",3881.7,3779.5,4186.8,3342.0,2970.3,3127.1,3370.1,3093.0,3513.6,4397.5,3786.9,3736.6,3414.7,4173.5,3598.4,4256.7,4317.6,3033.9,2103.0,2212.8,2651.1,2493.0,2929.7,3525.1,3658.8,3658.5,3619.0,4098.2,(NA)
 "21000","Kentucky",5,SAGDP9,33,"326","    Plastics and rubber products manufacturing ","Millions of chained 2017 dollars",1081.6,1139.8,1284.3,1320.2,1317.9,1474.4,1551.0,1651.3,1539.8,1499.0,1710.4,1371.0,1249.3,1245.8,1227.3,1362.6,1333.6,1373.9,1617.6,1683.1,1682.0,1742.5,1972.2,1837.5,1841.6,1492.0,1385.6,1377.3,(NA)
 "21000","Kentucky",5,SAGDP9,34,"42","  Wholesale trade ","Millions of chained 2017 dollars",7906.2,8714.1,9189.4,9750.6,10213.5,10332.0,10891.7,11470.1,12071.2,12492.0,13197.2,13139.0,11462.6,12109.9,12036.9,12299.0,12742.1,13499.2,14087.5,14332.3,14484.7,14787.0,15214.7,15259.2,14841.4,14569.9,14563.6,14677.4,15083.9
 "21000","Kentucky",5,SAGDP9,35,"44-45","  Retail trade ","Millions of chained 2017 dollars",8300.6,9084.9,9283.0,9538.5,9627.7,10202.3,10733.2,10654.1,11021.6,10949.6,10615.8,10467.7,10149.1,10612.2,10588.8,10585.9,10684.7,10762.5,11422.1,12324.4,12838.7,13100.4,13485.3,13509.4,13292.9,12843.2,14504.2,16042.2,16030.7
 "21000","Kentucky",5,SAGDP9,36,"48-49","  Transportation and warehousing ","Millions of chained 2017 dollars",7093.4,7947.8,8321.6,8410.9,7934.1,7767.6,8177.8,8574.4,9373.3,9354.3,9101.9,8962.6,8433.8,8627.2,8654.0,8677.3,8669.1,8940.2,9372.2,9540.8,9871.3,10075.3,9996.7,10511.2,11638.5,11203.7,11272.2,11089.5,11211.7
 "21000","Kentucky",5,SAGDP9,37,"481","   Air transportation ","Millions of chained 2017 dollars",1284.8,1264.5,1294.3,1047.6,736.9,775.9,982.4,855.1,1132.8,913.4,907.0,862.7,778.3,719.0,639.6,583.1,449.6,426.4,421.3,442.0,485.8,510.8,537.7,296.7,660.8,762.2,679.4,689.2,(NA)
 "21000","Kentucky",5,SAGDP9,38,"482","   Rail transportation ","Millions of chained 2017 dollars",720.3,754.0,783.6,841.5,758.4,700.0,756.1,785.2,784.9,816.6,780.9,777.9,697.2,689.5,693.1,702.5,687.7,718.4,749.4,655.9,664.2,658.5,611.8,553.1,588.9,613.8,605.4,598.6,(NA)
 "21000","Kentucky",5,SAGDP9,39,"483","   Water transportation ","Millions of chained 2017 dollars",96.3,87.6,73.9,76.8,69.2,55.2,60.5,69.5,93.2,159.3,211.1,302.1,382.5,357.1,438.7,443.7,771.9,872.3,924.1,641.0,494.4,484.4,431.2,597.1,1098.8,827.1,796.6,870.2,(NA)
 "21000","Kentucky",5,SAGDP9,40,"484","   Truck transportation ","Millions of chained 2017 dollars",1900.4,2064.9,2215.0,2214.3,2116.0,2041.1,2071.3,2202.8,2258.8,2295.0,2266.8,2064.9,1894.0,1979.3,2037.5,2031.9,2089.7,2220.4,2283.0,2394.9,2517.5,2494.0,2488.6,2404.2,2644.7,2393.5,2459.6,2620.0,(NA)
 "21000","Kentucky",5,SAGDP9,41,"485","   Transit and ground passenger transportation ","Millions of chained 2017 dollars",143.4,157.1,169.3,166.7,170.3,156.7,161.2,203.1,203.0,196.6,204.2,208.6,191.5,178.2,188.6,193.9,189.7,196.2,188.7,169.5,159.7,155.1,142.1,117.1,139.3,184.9,205.7,223.5,(NA)
 "21000","Kentucky",5,SAGDP9,42,"486","   Pipeline transportation ","Millions of chained 2017 dollars",155.2,289.3,294.5,210.9,216.1,245.6,250.8,240.3,265.1,239.9,227.7,252.0,242.5,244.5,199.8,215.9,203.9,197.4,219.5,216.8,195.2,207.7,176.3,170.5,180.7,155.1,143.8,153.1,(NA)
 "21000","Kentucky",5,SAGDP9,43,"487-488,492","   Other transportation and support activities ","Millions of chained 2017 dollars",2630.7,3052.8,3263.1,3568.0,3698.7,3589.4,3627.1,3873.0,4021.0,4024.1,3751.8,3617.8,3473.9,3609.1,3452.4,3331.8,3098.1,3092.7,3250.0,3511.7,3775.8,3952.9,3936.8,4527.2,4419.0,4490.0,4885.3,4452.2,(NA)
 "21000","Kentucky",5,SAGDP9,44,"493","   Warehousing and storage ","Millions of chained 2017 dollars",394.4,503.1,496.6,557.7,526.3,536.7,555.2,646.9,819.6,855.0,835.6,898.1,807.4,871.3,979.4,1119.0,1174.2,1224.1,1347.6,1511.7,1578.7,1614.3,1680.6,1840.2,2043.5,1958.4,1660.6,1624.2,(NA)
 "21000","Kentucky",5,SAGDP9,45,"51","  Information ","Millions of chained 2017 dollars",1790.9,1899.7,1940.5,1951.3,2218.8,2550.9,2647.1,2948.8,3221.7,3339.7,3438.4,3895.1,3917.8,4056.2,4128.1,3901.8,3991.3,4199.7,4357.7,4488.9,4819.0,4651.8,5241.9,5271.9,6013.5,6646.4,6923.1,6602.5,7175.4
 "21000","Kentucky",5,SAGDP9,46,"511","   Publishing industries (except Internet) ","Millions of chained 2017 dollars",386.1,389.3,481.9,352.7,369.7,486.5,475.9,578.9,627.9,533.9,599.6,594.9,554.8,577.2,619.3,610.1,589.7,565.5,539.3,528.5,507.1,519.0,643.0,642.6,780.2,948.0,1093.4,1151.7,(NA)
 "21000","Kentucky",5,SAGDP9,47,"512","   Motion picture and sound recording industries ","Millions of chained 2017 dollars",29.3,39.0,46.6,46.8,57.4,79.4,65.9,95.5,53.9,57.2,70.2,76.8,96.4,93.1,86.4,87.6,86.6,96.9,107.1,125.1,127.1,150.6,104.0,86.0,153.1,179.2,214.1,199.1,(NA)
 "21000","Kentucky",5,SAGDP9,48,"515,517","   Broadcasting (except Internet) and telecommunications ","Millions of chained 2017 dollars",1088.9,1157.6,1171.2,1331.9,1425.4,1521.4,1585.3,1764.5,2018.0,2162.0,2224.4,2541.0,2612.1,2630.5,2588.1,2452.9,2544.3,2669.9,2890.9,3149.6,3493.3,3308.6,3644.0,3628.5,4057.9,4182.1,4187.6,3851.0,(NA)
 "21000","Kentucky",5,SAGDP9,49,"518-519","   Data processing, hosting, and other information services ","Millions of chained 2017 dollars",296.8,325.9,245.6,186.3,361.9,483.6,545.2,529.0,525.4,589.9,542.0,686.5,656.2,765.4,851.5,766.0,783.1,882.8,828.5,687.2,691.5,673.5,855.1,920.8,1028.6,1353.8,1449.3,1425.4,(NA)
 "21000","Kentucky",5,SAGDP9,50,"52,53","  Finance, insurance, real estate, rental, and leasing ","Millions of chained 2017 dollars",20385.6,21395.5,22649.9,23595.3,24421.2,25227.4,25520.3,26060.2,27666.3,27326.4,28666.9,29371.1,30149.4,31300.2,31760.6,32640.0,32999.9,32989.7,33469.1,33668.5,33242.6,33765.5,34037.2,34467.7,35764.0,36837.7,38593.7,38567.0,39233.7
 "21000","Kentucky",5,SAGDP9,51,"52","   Finance and insurance ","Millions of chained 2017 dollars",6298.3,6776.2,7316.3,7952.8,7990.4,8512.6,8517.0,8450.4,9283.9,9379.7,9169.9,8913.3,9889.2,9462.9,9781.5,10093.6,10052.4,10938.8,11666.7,12111.9,11684.8,11502.8,11562.7,11947.6,12197.7,11989.5,12300.1,11993.0,12034.9
 "21000","Kentucky",5,SAGDP9,52,"521-522","    Monetary Authorities- central bank, credit intermediation, and related services ","Millions of chained 2017 dollars",3165.4,3627.3,4202.5,4317.2,4195.5,4926.0,4671.1,4479.4,4773.1,4608.9,4423.2,4676.1,5503.6,4851.2,5058.1,5134.2,4844.0,4668.7,4590.6,4528.9,4362.0,4234.9,4242.0,4256.2,4369.5,3927.9,4132.4,4142.2,(NA)
 "21000","Kentucky",5,SAGDP9,53,"523","    Securities, commodity contracts, and other financial investments and related activities ","Millions of chained 2017 dollars",639.4,651.6,738.1,905.3,1390.6,1304.9,1195.2,1152.5,1324.7,1361.1,902.7,646.5,1279.2,1189.1,997.3,1219.9,1183.2,965.6,1013.2,1158.7,1097.2,1113.2,1083.3,1057.3,1055.4,1087.6,1048.7,1079.0,(NA)
 "21000","Kentucky",5,SAGDP9,54,"524","    Insurance carriers and related activities ","Millions of chained 2017 dollars",2579.1,2619.1,2618.7,2985.6,2834.4,2767.9,3001.9,3072.8,3387.6,3730.5,3859.9,3817.2,3651.3,3744.1,3932.5,3923.4,4136.9,5214.7,5955.2,6413.9,6205.6,6157.6,6240.2,6658.8,6716.9,7173.6,7298.7,6929.0,(NA)
 "21000","Kentucky",5,SAGDP9,55,"525","    Funds, trusts, and other financial vehicles ","Millions of chained 2017 dollars",39.6,52.2,43.1,35.9,23.2,28.1,39.5,54.4,82.4,30.7,94.3,5.2,2.9,19.5,103.0,276.1,253.5,419.7,137.9,14.0,20.0,2.3,3.9,0.2,36.4,4.5,4.9,4.0,(NA)
 "21000","Kentucky",5,SAGDP9,56,"53","   Real estate and rental and leasing ","Millions of chained 2017 dollars",14060.7,14585.9,15298.8,15618.4,16396.5,16691.4,16976.5,17580.1,18353.4,17918.8,19467.8,20416.1,20287.7,21768.4,21925.3,22494.5,22885.1,22026.8,21796.5,21557.6,21557.9,22270.1,22482.7,22525.0,23572.6,24868.1,26321.4,26612.7,27245.6
 "21000","Kentucky",5,SAGDP9,57,"531","    Real estate ","Millions of chained 2017 dollars",12812.4,13147.7,13746.1,14064.5,14758.6,15063.3,15470.8,16029.3,16957.7,16492.3,18150.4,19114.1,19175.9,20640.3,20830.8,21304.2,21699.9,20829.2,20552.1,20274.6,20366.4,21066.2,21134.4,20945.2,21586.9,22582.8,23854.1,24115.8,(NA)
 "21000","Kentucky",5,SAGDP9,58,"532-533","    Rental and leasing services and lessors of nonfinancial intangible assets ","Millions of chained 2017 dollars",1211.5,1378.3,1484.9,1488.5,1568.4,1560.8,1449.1,1492.9,1356.0,1381.6,1292.1,1284.3,1116.1,1141.3,1113.5,1200.5,1199.0,1204.1,1245.6,1282.0,1191.5,1203.7,1351.6,1596.0,2020.0,2324.7,2509.8,2540.0,(NA)
 "21000","Kentucky",5,SAGDP9,59,"54,55,56","  Professional and business services ","Millions of chained 2017 dollars",9692.9,9838.5,10113.2,10420.2,10963.0,11339.0,11800.4,12077.9,12601.9,12800.3,13235.0,13860.3,13360.3,14130.8,14730.2,15102.6,15256.0,15881.7,16354.5,16879.4,17142.6,17967.0,18509.3,18158.4,20343.4,22096.9,23084.0,22920.0,23179.1
 "21000","Kentucky",5,SAGDP9,60,"54","   Professional, scientific, and technical services ","Millions of chained 2017 dollars",5004.7,5033.6,5168.2,5245.2,5639.6,5842.0,5908.0,6037.7,6108.1,6152.5,6385.3,7033.6,6943.1,7017.7,7203.7,7158.6,7282.9,7604.5,7954.3,8212.1,8276.9,8759.0,9054.1,8861.1,9934.3,10893.7,11753.8,11992.3,12223.2
 "21000","Kentucky",5,SAGDP9,61,"5411","    Legal services ","Millions of chained 2017 dollars",2026.0,1912.7,1908.0,1947.6,1979.9,1960.0,2007.3,1994.2,1835.7,1792.8,1820.3,2064.5,1919.3,1774.8,1759.5,1669.9,1623.3,1631.1,1656.2,1708.5,1669.5,1690.6,1659.6,1544.9,1673.4,1681.6,1688.3,1661.0,(NA)
 "21000","Kentucky",5,SAGDP9,62,"5415","    Computer systems design and related services ","Millions of chained 2017 dollars",245.3,332.6,345.2,334.7,392.4,398.5,472.6,504.7,559.0,596.0,717.0,804.7,875.6,931.4,999.2,1069.2,1160.3,1210.1,1349.0,1456.4,1570.7,1745.5,1796.2,1912.7,2140.1,2560.5,2885.0,3047.6,(NA)
 "21000","Kentucky",5,SAGDP9,63,"5412-5414,5416-5419","    Miscellaneous professional, scientific, and technical services ","Millions of chained 2017 dollars",3297.9,3196.3,3309.3,3385.4,3645.2,3853.3,3748.6,3835.4,3942.7,3966.3,4008.5,4347.3,4277.7,4398.3,4513.7,4460.7,4520.0,4780.4,4956.0,5050.2,5036.7,5325.8,5604.0,5431.4,6159.7,6762.4,7354.9,7504.3,(NA)
 "21000","Kentucky",5,SAGDP9,64,"55","   Management of companies and enterprises ","Millions of chained 2017 dollars",2017.7,2058.5,1955.7,1931.0,2104.9,2151.2,2404.6,2365.7,2324.4,2288.8,2358.4,2310.2,2220.5,2349.1,2472.3,2609.1,2503.1,2540.0,2538.2,2765.6,2749.4,2798.2,3003.6,3041.4,3342.7,3635.8,3850.2,3578.5,3603.6
 "21000","Kentucky",5,SAGDP9,65,"56","   Administrative and support and waste management and remediation services ","Millions of chained 2017 dollars",2680.2,2757.2,2967.7,3205.2,3194.5,3316.2,3483.8,3658.0,4145.3,4335.1,4466.1,4491.3,4166.8,4744.7,5036.2,5318.6,5468.5,5741.7,5867.6,5900.9,6116.3,6408.9,6457.1,6269.3,7073.6,7583.1,7541.9,7395.2,7407.3
 "21000","Kentucky",5,SAGDP9,66,"561","    Administrative and support services ","Millions of chained 2017 dollars",2284.6,2375.9,2553.1,2779.3,2764.3,2866.8,3027.7,3231.0,3676.0,3891.6,3987.0,4001.8,3655.6,4078.2,4437.0,4729.8,4918.3,5200.7,5338.1,5353.5,5601.3,5872.5,5902.2,5706.8,6456.7,6915.2,6946.1,6804.2,(NA)
 "21000","Kentucky",5,SAGDP9,67,"562","    Waste management and remediation services ","Millions of chained 2017 dollars",406.1,388.3,422.9,431.2,436.3,456.1,461.7,428.4,469.3,436.9,475.5,487.1,515.5,678.4,605.2,592.9,551.9,541.5,529.5,547.7,515.0,536.5,554.2,559.8,615.7,665.9,604.7,598.3,(NA)
 "21000","Kentucky",5,SAGDP9,68,"61,62","  Educational services, health care, and social assistance ","Millions of chained 2017 dollars",11942.6,11963.7,12644.3,12638.5,13153.0,13813.5,14346.0,14933.8,15304.7,15437.6,15382.1,16023.1,16440.2,16712.3,17299.9,17550.4,17435.8,17491.7,18271.6,18805.5,19186.9,19863.7,20400.4,19753.9,21203.0,22403.1,23330.2,23874.4,24610.7
 "21000","Kentucky",5,SAGDP9,69,"61","   Educational services ","Millions of chained 2017 dollars",1083.4,1070.9,1142.5,1213.9,1281.0,1247.3,1272.5,1349.5,1342.5,1278.0,1262.5,1300.2,1431.1,1513.7,1534.5,1546.0,1474.7,1448.2,1427.6,1411.9,1367.5,1402.2,1457.3,1282.1,1323.6,1384.0,1391.7,1433.8,1442.4
 "21000","Kentucky",5,SAGDP9,70,"62","   Health care and social assistance ","Millions of chained 2017 dollars",10872.5,10902.8,11514.7,11451.9,11903.7,12580.2,13083.8,13599.3,13971.4,14158.7,14117.4,14718.9,15015.2,15210.8,15775.0,16013.3,15966.0,16047.0,16845.4,17394.0,17819.3,18461.6,18942.9,18474.2,19883.4,21023.6,21944.2,22446.3,23174.8
 "21000","Kentucky",5,SAGDP9,71,"621","    Ambulatory health care services ","Millions of chained 2017 dollars",4629.4,4604.9,4845.7,5090.8,5311.8,5537.3,5707.6,5892.8,6088.4,6248.5,6158.0,6471.8,6565.0,6609.6,6884.2,7054.3,7125.9,7157.6,7524.3,7881.1,8245.3,8612.0,8891.0,8492.8,9415.9,10053.7,10733.1,11002.4,(NA)
 "21000","Kentucky",5,SAGDP9,72,"622","    Hospitals ","Millions of chained 2017 dollars",4267.8,4307.1,4579.0,4123.7,4266.3,4646.4,4890.7,5169.9,5246.1,5285.5,5343.8,5498.5,5719.1,5799.6,6074.4,6151.2,5985.6,5971.5,6312.9,6552.8,6599.0,6786.0,6885.5,7008.2,7559.5,7741.2,7907.0,7941.0,(NA)
 "21000","Kentucky",5,SAGDP9,73,"623","    Nursing and residential care facilities ","Millions of chained 2017 dollars",1399.6,1398.6,1456.3,1502.3,1512.4,1555.4,1593.1,1612.8,1671.4,1659.1,1664.3,1774.7,1762.1,1808.7,1827.8,1797.6,1796.5,1828.4,1838.1,1786.6,1788.0,1836.2,1853.7,1734.6,1681.1,1818.2,1818.2,1887.4,(NA)
 "21000","Kentucky",5,SAGDP9,74,"624","    Social assistance ","Millions of chained 2017 dollars",619.1,645.6,692.3,742.9,815.4,852.5,910.7,944.7,985.1,975.8,967.3,986.9,982.6,1011.1,1002.1,1018.1,1063.4,1097.1,1176.0,1174.5,1187.1,1228.0,1314.6,1240.2,1252.1,1434.3,1532.7,1659.1,(NA)
 "21000","Kentucky",5,SAGDP9,75,"71,72","  Arts, entertainment, recreation, accommodation, and food services ","Millions of chained 2017 dollars",5522.9,5753.2,6072.7,6285.1,6120.0,6272.6,6638.5,7191.6,7210.3,7249.5,7161.6,7095.6,6304.6,6614.1,6726.4,6665.0,7077.4,7503.6,7649.2,7835.9,7654.2,7335.5,7622.0,6128.0,7703.7,7939.6,8405.0,8380.4,8263.6
 "21000","Kentucky",5,SAGDP9,76,"71","   Arts, entertainment, and recreation ","Millions of chained 2017 dollars",831.0,810.9,878.2,906.7,833.0,882.9,901.9,934.5,910.6,884.8,888.9,876.0,864.9,892.0,903.3,956.5,991.9,1046.0,1002.4,1009.0,1064.4,1123.0,1130.1,902.2,1091.6,1308.4,1395.8,1430.2,1535.8
 "21000","Kentucky",5,SAGDP9,77,"711-712","    Performing arts, spectator sports, museums, and related activities ","Millions of chained 2017 dollars",352.8,348.6,368.8,392.3,390.7,427.1,453.1,469.1,439.6,415.6,429.9,423.2,428.2,424.1,451.3,486.5,547.9,592.1,561.0,573.3,608.8,653.1,660.6,542.9,641.4,787.2,849.6,874.6,(NA)
 "21000","Kentucky",5,SAGDP9,78,"713","    Amusement, gambling, and recreation industries ","Millions of chained 2017 dollars",470.6,455.7,500.9,507.0,438.8,453.5,448.1,464.6,469.2,466.9,457.0,450.9,435.0,466.0,450.2,468.2,443.6,453.9,441.2,435.6,455.6,470.0,469.8,360.3,450.3,523.2,549.6,559.6,(NA)
 "21000","Kentucky",5,SAGDP9,79,"72","   Accommodation and food services ","Millions of chained 2017 dollars",4680.8,4936.1,5185.6,5369.5,5284.1,5383.7,5733.7,6259.2,6304.9,6373.6,6279.9,6227.2,5439.6,5722.8,5824.1,5706.1,6083.9,6456.1,6647.0,6827.5,6589.8,6213.1,6491.9,5225.7,6610.1,6645.7,7026.0,6971.9,6764.0
 "21000","Kentucky",5,SAGDP9,80,"721","    Accommodation ","Millions of chained 2017 dollars",918.1,924.3,963.2,1039.9,949.2,962.6,980.3,994.2,1172.0,1367.3,1516.8,1598.9,862.9,897.5,939.6,827.7,1260.8,1409.7,1431.8,1533.6,1319.2,1004.9,1159.5,909.5,1126.7,1111.1,1537.8,1553.0,(NA)
 "21000","Kentucky",5,SAGDP9,81,"722","    Food services and drinking places ","Millions of chained 2017 dollars",3771.6,4027.1,4239.6,4340.5,4358.3,4445.7,4785.5,5309.3,5154.7,4999.9,4729.0,4579.3,4588.1,4837.9,4896.2,4893.9,4825.6,5046.1,5215.5,5293.3,5270.6,5209.6,5332.9,4314.6,5478.2,5527.3,5512.1,5446.1,(NA)
 "21000","Kentucky",5,SAGDP9,82,"81","  Other services (except government and government enterprises) ","Millions of chained 2017 dollars",5167.7,5291.7,5314.3,5395.5,4812.8,5005.2,4887.9,4854.3,4811.8,4664.8,4502.4,4463.7,4272.8,4245.0,4161.1,4278.1,4245.9,4384.3,4404.6,4416.3,4496.8,4658.6,4710.7,4268.4,4442.4,4583.7,4412.8,4381.6,4337.9
 "21000","Kentucky",5,SAGDP9,83,"92"," Government and government enterprises ","Millions of chained 2017 dollars",26164.4,26067.1,26254.4,25909.4,25940.8,26508.6,26686.7,26740.2,27990.4,28803.4,29133.1,30322.2,29461.4,30626.3,30030.1,29981.4,29596.0,28946.8,28482.8,27903.9,27545.8,27642.7,27769.5,27149.5,26577.9,26817.2,26857.1,27161.5,27212.9
 "21000","Kentucky",5,SAGDP9,84,"...","  Federal civilian ","Millions of chained 2017 dollars",4738.8,4748.5,4529.3,4427.4,4052.7,4389.6,4315.0,4425.9,4450.6,4541.1,4443.1,4392.7,4644.2,4587.1,4604.9,4502.2,4439.8,4532.9,4623.8,4729.7,4730.2,4683.9,4604.4,4616.0,4597.8,4607.3,4559.2,4605.1,4415.1
 "21000","Kentucky",5,SAGDP9,85,"...","  Military ","Millions of chained 2017 dollars",2688.1,2710.0,2795.8,2920.2,3037.4,3117.6,3448.8,3514.8,4104.7,4368.7,4339.6,4838.9,5005.9,5258.9,5496.6,5113.6,4835.3,4478.1,4309.0,4209.2,4197.3,4028.5,3972.2,4169.6,4450.2,4393.5,4227.4,4117.3,3856.8
 "21000","Kentucky",5,SAGDP9,86,"...","  State and local ","Millions of chained 2017 dollars",18835.7,18699.3,19040.9,18660.1,18972.2,19102.6,19002.1,18859.5,19469.0,19915.8,20398.8,21131.7,19789.3,20772.7,19883.0,20355.1,20320.7,19937.4,19550.5,18965.0,18618.3,18930.5,19193.0,18372.9,17553.7,17839.6,18096.9,18468.2,18990.6
 "21000","Kentucky",5,SAGDP9,87,"11,21","Natural resources and mining ","Millions of chained 2017 dollars",6963.4,7573.8,7311.8,8409.6,8339.5,7561.9,7314.3,7499.6,7939.5,8361.4,7338.7,6476.9,7308.9,6400.8,6533.6,5426.2,6515.8,5647.0,5655.9,4927.4,4959.4,4828.4,4761.0,4299.9,4779.6,4976.4,5103.0,4905.7,4820.4
 "21000","Kentucky",5,SAGDP9,88,"42,44-45","Trade ","Millions of chained 2017 dollars",16325.7,17925.8,18584.4,19384.6,19910.9,20646.6,21741.2,22190.0,23147.0,23464.9,23771.0,23558.2,21617.1,22724.5,22629.0,22883.1,23418.4,24240.3,25491.8,26653.4,27323.3,27887.5,28700.0,28768.8,28136.4,27412.2,29040.9,30608.4,31046.9
 "21000","Kentucky",5,SAGDP9,89,"22,48-49","Transportation and utilities ","Millions of chained 2017 dollars",10210.4,10770.8,11560.1,11719.9,10509.1,10280.0,10573.2,11143.0,11836.7,11937.5,11806.1,11804.0,11307.9,12050.5,12249.2,12384.1,12416.6,12485.0,12833.5,13298.1,13499.0,13555.1,13495.3,14170.6,15377.6,15066.5,15030.5,14909.8,14964.6
 "21000","Kentucky",5,SAGDP9,90,"31-33,51","Manufacturing and information ","Millions of chained 2017 dollars",32825.8,33338.0,34094.1,28451.4,28306.2,29953.3,31495.8,32903.2,33974.4,37099.7,35855.3,35086.6,30200.2,34605.3,34899.7,37729.9,39968.6,39541.0,39056.2,38870.3,40699.9,40668.0,43803.8,41470.5,43448.9,45622.0,45934.0,47574.2,48323.6
 "21000","Kentucky",5,SAGDP9,91,"...","Private goods-producing industries 2/","Millions of chained 2017 dollars",49622.8,50650.3,51428.7,45062.0,44158.6,44506.0,46259.2,47644.1,48567.7,51531.9,48928.1,46305.8,41567.2,44495.6,44867.7,46861.4,50295.7,48709.1,48197.8,47072.8,48653.8,48617.2,51371.0,48493.1,50204.7,51580.8,52067.0,54183.1,54067.3
 "21000","Kentucky",5,SAGDP9,92,"...","Private services-providing industries 3/","Millions of chained 2017 dollars",79684.7,83643.2,87567.4,90066.3,91205.5,94425.8,97447.4,100785.8,105326.2,105819.1,107652.8,109961.5,107285.9,111759.0,113627.6,115265.2,116701.6,119090.7,122790.9,126030.6,127364.4,129679.4,132665.0,130917.8,138717.6,142214.5,147962.7,149572.1,151908.5
"Note: See the included footnote file."
"SAGDP9: Real GDP by state 1."
"Last updated: April 9, 2026-- new statistics for 2025."
"U.S. Bureau of Economic Analysis"
