GeoFIPS,GeoName,Region,TableName,LineCode,IndustryClassification,Description,Unit,2005:Q1,2005:Q2,2005:Q3,2005:Q4,2006:Q1,2006:Q2,2006:Q3,2006:Q4,2007:Q1,2007:Q2,2007:Q3,2007:Q4,2008:Q1,2008:Q2,2008:Q3,2008:Q4,2009:Q1,2009:Q2,2009:Q3,2009:Q4,2010:Q1,2010:Q2,2010:Q3,2010:Q4,2011:Q1,2011:Q2,2011:Q3,2011:Q4,2012:Q1,2012:Q2,2012:Q3,2012:Q4,2013:Q1,2013:Q2,2013:Q3,2013:Q4,2014:Q1,2014:Q2,2014:Q3,2014:Q4,2015:Q1,2015:Q2,2015:Q3,2015:Q4,2016:Q1,2016:Q2,2016:Q3,2016:Q4,2017:Q1,2017:Q2,2017:Q3,2017:Q4,2018:Q1,2018:Q2,2018:Q3,2018:Q4,2019:Q1,2019:Q2,2019:Q3,2019:Q4,2020:Q1,2020:Q2,2020:Q3,2020:Q4,2021:Q1,2021:Q2,2021:Q3,2021:Q4,2022:Q1,2022:Q2,2022:Q3,2022:Q4,2023:Q1
 "50000","Vermont",1,SQGDP2,1,"...","All industry total ","Millions of current dollars",23452.1,23421.2,23647.8,23913.4,24319.8,24312.8,24408.5,24285.0,24359.9,24672.2,25018.7,25140.0,25820.0,25938.0,26153.7,26085.3,25890.7,25800.2,26136.3,26569.5,26754.8,27325.8,27758.2,27787.6,27788.3,28260.1,28421.7,29204.5,29053.7,29591.5,29379.9,28939.9,29331.6,29251.7,29130.9,29444.0,29279.5,29805.9,30458.4,30853.7,30657.1,30800.9,31127.3,31147.7,31386.1,31550.5,31820.1,31888.0,32056.1,32088.7,32366.1,32553.6,32808.1,33164.1,33093.7,33201.4,33874.0,33874.6,34441.1,34733.5,35048.2,31281.2,34590.4,35154.6,35829.4,36661.7,37369.2,38554.9,39538.6,40248.6,40942.7,41738.3,42239.4
 "50000","Vermont",1,SQGDP2,2,"..."," Private industries ","Millions of current dollars",20079.8,20133.4,20341.0,20523.3,20862.6,20841.0,20867.8,20757.3,20785.4,21073.8,21356.5,21532.8,22048.0,22200.5,22363.0,22224.8,22092.1,21938.8,22299.1,22706.0,22876.4,23414.4,23813.6,23866.6,23708.5,24098.5,24340.0,25073.3,24960.8,25523.6,25314.8,24793.0,25086.6,24955.5,24823.5,25135.3,25041.9,25487.1,26130.9,26438.2,26228.6,26277.3,26735.9,26637.7,26855.7,27130.9,27250.3,27432.5,27502.9,27573.3,27716.4,27909.8,28122.5,28449.0,28331.8,28440.3,29091.2,29046.8,29553.5,29814.2,30002.6,26293.1,29501.5,30010.9,30805.9,31525.7,32184.9,33299.6,34467.2,35051.5,35700.9,36359.4,36821.7
 "50000","Vermont",1,SQGDP2,3,"11","   Agriculture, forestry, fishing and hunting ","Millions of current dollars",346.6,358.6,378.3,403.1,318.2,330.0,320.7,297.4,443.8,427.3,420.3,387.4,406.9,414.3,429.3,480.5,266.2,304.7,311.3,328.5,378.1,387.7,386.4,397.8,455.0,485.1,504.7,496.6,483.0,446.2,433.5,435.7,476.1,530.8,516.5,506.6,533.6,559.4,579.7,613.6,430.9,456.2,458.3,389.6,426.6,415.1,391.2,366.2,416.1,424.0,421.9,443.1,413.6,421.5,371.6,357.0,440.3,425.5,421.0,479.4,417.2,241.5,411.6,380.6,363.0,396.2,379.1,502.1,641.1,653.6,644.6,635.2,547.8
 "50000","Vermont",1,SQGDP2,6,"21","   Mining, quarrying, and oil and gas extraction ","Millions of current dollars",110.2,122.5,125.4,134.5,158.8,149.8,143.3,138.8,142.4,148.4,145.4,144.7,135.7,148.7,170.5,162.4,176.1,210.6,221.4,247.9,242.0,230.5,226.8,233.8,214.0,237.5,230.3,227.5,198.5,210.0,181.9,176.7,179.4,169.6,169.4,161.2,164.4,172.3,173.5,168.1,156.7,182.8,185.5,174.2,142.9,144.3,169.6,180.6,196.5,199.2,185.4,184.8,154.8,132.4,115.1,99.8,89.4,98.9,107.3,138.8,158.3,111.9,163.3,176.5,163.7,165.6,158.1,171.1,172.3,213.8,205.3,183.9,160.3
 "50000","Vermont",1,SQGDP2,10,"22","   Utilities ","Millions of current dollars",482.3,433.8,457.1,562.4,499.9,523.1,528.3,526.8,539.2,621.7,568.0,476.5,519.9,536.7,563.9,621.0,729.3,652.4,649.0,690.5,759.1,763.1,770.7,727.8,649.7,681.4,684.8,729.2,672.8,710.6,779.9,709.5,746.9,783.5,772.5,749.0,762.9,681.5,764.5,819.2,999.0,660.5,723.7,666.0,638.4,668.0,624.9,606.0,605.9,642.6,612.7,610.5,643.5,664.0,632.5,707.8,659.6,637.3,669.5,689.6,642.7,637.1,728.3,663.7,701.9,703.7,757.7,742.3,774.5,894.5,929.6,898.4,888.5
 "50000","Vermont",1,SQGDP2,11,"23","   Construction ","Millions of current dollars",1144.2,1163.1,1197.5,1206.1,1222.1,1241.8,1213.7,1209.3,1215.9,1221.3,1168.6,1122.1,1081.0,1043.2,1047.7,1069.7,1039.6,1040.3,1092.7,1072.3,1020.4,1100.9,1038.6,1016.6,1004.7,1023.8,1084.5,1188.2,1110.4,1132.5,1102.1,1054.2,1093.8,1054.1,1051.9,1039.9,1020.1,1038.7,1069.9,1072.4,1049.6,1057.6,1065.5,1084.2,1100.5,1115.4,1109.4,1124.1,1123.5,1133.8,1137.9,1160.9,1151.9,1158.4,1133.9,1115.6,1173.4,1172.9,1172.7,1163.4,1198.9,991.7,1122.1,1175.7,1215.3,1220.3,1205.3,1237.0,1282.3,1281.6,1301.9,1349.7,1365.5
 "50000","Vermont",1,SQGDP2,12,"31-33","   Manufacturing ","Millions of current dollars",2872.0,2823.3,2829.3,2992.5,3160.5,3234.7,3135.2,2998.0,2676.9,2620.1,2593.1,2646.9,2843.8,3000.6,3049.4,2873.4,2723.2,2527.8,2603.1,2750.0,2933.4,3080.5,3234.0,3204.7,3135.2,3172.9,3200.0,3341.8,3488.1,3539.2,3359.1,3203.9,2947.1,2787.3,2636.7,2661.4,2576.1,2678.2,2857.5,2868.6,2909.6,2947.8,3037.9,3010.1,2989.3,2995.5,2912.8,2919.5,3009.4,2985.7,2950.2,2981.4,3013.2,3133.6,3055.2,3066.7,3072.5,2974.1,3202.9,3250.5,3241.4,3034.8,3379.3,3384.8,3516.8,3396.3,3396.4,3538.4,3623.6,3714.3,3760.6,3837.0,3850.9
 "50000","Vermont",1,SQGDP2,13,"321,327-339","     Durable goods manufacturing ","Millions of current dollars",2214.9,2174.8,2161.3,2275.2,2382.5,2428.8,2328.7,2201.2,1886.3,1784.2,1767.5,1805.8,1985.8,2112.8,2148.7,2041.2,1958.8,1776.2,1839.9,1988.8,2158.5,2298.3,2457.3,2425.5,2329.2,2330.7,2382.5,2561.7,2683.2,2751.8,2605.3,2474.1,2196.5,2017.2,1828.6,1794.5,1783.3,1821.5,1940.0,1886.4,1885.4,1878.4,1941.0,1968.2,1918.1,1938.1,1888.6,1898.8,1896.4,1942.7,1885.2,1905.3,1937.5,1991.4,1951.1,1948.0,2007.7,1881.7,2083.7,2107.8,2062.1,1935.4,2186.0,2251.3,2312.4,2235.9,2210.1,2347.0,2454.8,2499.7,2555.6,2621.6,2618.3
 "50000","Vermont",1,SQGDP2,25,"311-316,322-326","     Nondurable goods manufacturing ","Millions of current dollars",657.1,648.5,668.0,717.3,777.9,805.8,806.5,796.8,790.6,835.9,825.5,841.0,858.0,887.8,900.7,832.2,764.4,751.6,763.2,761.3,774.9,782.2,776.7,779.2,806.0,842.2,817.5,780.1,804.9,787.4,753.8,729.9,750.6,770.1,808.0,866.9,792.8,856.7,917.5,982.1,1024.1,1069.4,1097.0,1041.9,1071.2,1057.4,1024.2,1020.7,1113.0,1043.0,1065.0,1076.1,1075.7,1142.2,1104.1,1118.7,1064.8,1092.4,1119.2,1142.7,1179.3,1099.4,1193.4,1133.5,1204.4,1160.5,1186.3,1191.4,1168.8,1214.6,1204.9,1215.4,1232.6
 "50000","Vermont",1,SQGDP2,34,"42","   Wholesale trade ","Millions of current dollars",1208.0,1175.7,1181.7,1129.4,1174.8,1192.2,1191.3,1185.9,1216.1,1201.1,1205.5,1200.2,1212.0,1240.6,1252.9,1217.6,1200.2,1187.8,1215.1,1263.9,1262.3,1306.1,1366.2,1395.9,1394.2,1357.0,1393.2,1502.5,1433.1,1547.1,1512.0,1436.3,1486.5,1586.1,1494.5,1487.0,1506.4,1478.3,1508.8,1525.8,1532.7,1569.9,1565.5,1587.9,1581.8,1606.2,1638.2,1789.9,1593.7,1600.2,1628.2,1617.7,1689.7,1668.4,1670.5,1673.3,1742.3,1755.1,1804.2,1842.1,1789.5,1623.1,1792.5,1824.6,1847.8,2016.8,1991.1,2018.9,2152.4,2189.6,2209.3,2261.6,2281.6
 "50000","Vermont",1,SQGDP2,35,"44-45","   Retail trade ","Millions of current dollars",1956.2,1976.4,2021.7,2044.1,2004.5,1977.9,1989.7,1990.4,1953.6,1982.7,1970.0,1989.1,1975.2,1996.9,2008.8,2000.2,1931.8,1946.7,1924.2,1968.2,1963.0,2001.3,2000.2,2001.5,1999.6,2024.1,2039.7,2089.5,2038.1,2053.7,2059.2,2050.8,2137.3,2130.0,2141.0,2137.3,2142.5,2158.3,2187.6,2210.6,2221.9,2230.6,2343.8,2280.9,2312.2,2316.8,2316.6,2341.5,2345.0,2384.2,2406.1,2427.0,2439.0,2475.6,2472.7,2492.3,2512.4,2553.2,2557.4,2522.8,2460.6,2291.4,2634.2,2732.5,2806.0,2946.1,2943.1,3015.7,3009.3,3032.0,3082.2,3188.4,3219.7
 "50000","Vermont",1,SQGDP2,36,"48-49","   Transportation and warehousing ","Millions of current dollars",466.8,486.8,493.5,505.4,499.2,501.1,497.9,499.4,486.6,487.6,496.5,521.0,491.7,511.5,511.9,519.7,487.3,477.9,482.9,487.7,478.2,501.7,515.9,508.6,528.5,522.7,512.4,527.7,520.8,524.4,519.9,510.6,502.8,499.2,505.9,508.9,500.4,507.4,516.7,534.7,503.9,511.6,521.6,521.1,507.8,513.6,505.6,513.7,534.1,541.1,538.5,540.0,547.3,566.1,550.1,555.4,561.2,571.1,585.5,597.2,564.4,440.5,522.8,562.1,556.7,573.2,613.7,628.3,604.9,630.0,644.5,655.4,666.3
 "50000","Vermont",1,SQGDP2,45,"51","   Information ","Millions of current dollars",768.2,768.7,756.8,718.5,708.2,730.3,719.7,713.8,745.9,762.4,810.4,809.3,898.9,924.9,971.4,923.2,988.2,959.1,971.6,997.9,981.7,973.8,998.0,971.9,921.9,936.1,903.0,948.3,830.8,872.1,874.0,872.9,927.5,912.0,893.2,884.7,896.3,881.2,852.8,829.0,785.7,822.3,912.8,827.4,859.5,846.4,831.0,830.8,824.2,802.4,805.4,824.1,805.0,825.1,823.3,827.4,854.1,883.6,883.5,871.7,894.6,830.6,867.3,891.1,881.2,939.0,970.7,967.5,1071.2,1082.2,1127.3,1142.2,1176.1
 "50000","Vermont",1,SQGDP2,51,"52","   Finance and insurance ","Millions of current dollars",1327.8,1388.3,1399.8,1327.4,1388.4,1358.0,1377.9,1331.9,1398.2,1367.2,1413.1,1475.5,1496.2,1320.2,1201.1,985.6,1277.6,1324.1,1331.1,1303.8,1309.6,1271.1,1223.9,1234.1,1229.3,1282.4,1337.2,1375.9,1404.5,1495.8,1444.7,1345.5,1288.4,1250.2,1299.4,1457.3,1611.0,1819.4,1883.6,1811.5,1707.4,1647.6,1598.3,1578.8,1616.6,1689.7,1840.7,1824.8,1775.7,1734.6,1709.4,1743.9,1800.2,1841.3,1924.0,1881.5,1955.0,1941.3,1936.0,2008.0,1929.9,1995.0,1952.2,1954.5,2050.5,2078.6,2104.2,2148.2,2137.7,2151.0,2150.5,2167.4,2173.5
 "50000","Vermont",1,SQGDP2,56,"53","   Real estate and rental and leasing ","Millions of current dollars",3005.4,3030.3,2997.3,2989.5,2922.0,3001.3,3077.7,3141.7,3196.7,3322.7,3504.1,3577.0,3658.2,3664.3,3646.7,3704.8,3752.5,3763.7,3888.1,3916.0,3987.2,4103.2,4128.5,4200.1,4172.4,4232.6,4257.3,4372.1,4338.3,4389.6,4415.2,4357.7,4399.9,4392.1,4469.9,4499.7,4459.6,4511.2,4559.2,4577.9,4586.1,4599.7,4647.9,4665.3,4718.4,4743.3,4741.5,4750.2,4678.2,4725.0,4678.4,4625.4,4546.1,4473.9,4438.2,4448.9,4500.1,4588.6,4671.5,4729.9,4819.5,4777.9,4957.9,4986.7,5050.6,5112.0,5177.1,5253.6,5313.4,5336.6,5428.1,5508.2,5589.6
 "50000","Vermont",1,SQGDP2,60,"54","   Professional, scientific, and technical services ","Millions of current dollars",1376.6,1380.7,1417.0,1390.1,1628.8,1409.1,1430.5,1440.3,1447.8,1482.9,1547.8,1595.6,1592.5,1628.7,1657.7,1672.5,1625.5,1623.8,1619.5,1594.4,1575.7,1635.4,1701.9,1731.8,1692.5,1747.0,1801.2,1788.7,1777.4,1838.8,1810.4,1749.0,1874.7,1819.8,1826.1,1868.8,1761.3,1809.6,1855.2,1883.9,1883.9,1942.8,1966.0,2051.2,2002.6,2008.5,2033.3,2024.8,2059.3,2094.0,2130.2,2180.2,2210.7,2240.6,2260.8,2224.4,2349.7,2270.4,2331.4,2331.4,2462.6,2274.3,2370.4,2387.1,2579.9,2645.6,2754.4,2909.4,3161.8,3186.7,3250.0,3278.1,3361.7
 "50000","Vermont",1,SQGDP2,64,"55","   Management of companies and enterprises ","Millions of current dollars",31.8,29.4,30.4,31.0,15.2,18.6,20.2,21.5,14.5,17.8,18.0,21.0,87.9,76.9,88.3,87.9,81.7,81.7,92.8,92.3,98.8,99.1,109.9,104.8,158.0,162.9,163.6,155.5,213.7,222.3,226.4,211.1,212.0,234.4,229.9,241.0,231.8,240.9,257.6,274.2,268.2,265.7,266.8,257.5,249.9,243.7,295.7,275.4,244.8,248.1,264.9,285.9,253.7,254.6,259.4,271.1,315.0,304.7,286.4,292.1,317.8,282.7,281.6,305.6,388.6,311.9,311.4,303.7,344.2,344.6,349.5,354.1,353.6
 "50000","Vermont",1,SQGDP2,65,"56","   Administrative and support and waste management and remediation services ","Millions of current dollars",448.0,457.2,454.5,459.8,456.0,456.0,460.0,471.2,490.7,508.1,529.0,539.2,552.6,537.7,537.5,544.1,531.6,535.8,525.8,594.9,552.3,566.0,577.8,568.2,590.3,611.2,621.8,622.6,634.7,661.2,668.0,675.2,694.8,706.9,716.5,767.4,729.1,737.4,739.8,823.4,729.8,759.1,774.5,772.7,770.0,794.9,804.9,837.3,838.2,868.9,885.7,909.3,905.0,923.1,934.2,952.3,977.2,978.0,991.1,991.8,1024.9,895.8,1002.5,1015.1,1133.0,1108.5,1179.9,1254.2,1396.2,1417.5,1436.5,1524.5,1556.2
 "50000","Vermont",1,SQGDP2,69,"61","   Educational services ","Millions of current dollars",538.0,558.6,560.6,551.6,578.0,569.3,585.8,586.2,584.9,595.4,611.5,617.5,643.5,657.6,678.1,679.2,716.9,713.1,712.3,739.3,687.0,711.9,729.3,763.7,730.0,736.5,764.8,754.0,755.4,773.6,758.9,762.1,767.8,767.7,758.5,771.2,767.9,776.3,791.6,778.7,758.4,776.2,806.1,834.8,913.1,927.4,923.2,963.5,976.3,951.1,958.8,960.8,971.4,973.2,987.0,996.2,977.4,994.7,972.6,946.0,928.3,823.3,806.2,843.3,799.2,852.3,899.6,946.3,912.1,910.7,940.9,949.9,964.0
 "50000","Vermont",1,SQGDP2,70,"62","   Health care and social assistance ","Millions of current dollars",2099.6,2064.6,2096.6,2130.3,2188.6,2203.0,2215.5,2263.2,2290.0,2327.7,2378.5,2421.9,2499.0,2538.5,2580.4,2691.9,2624.6,2694.7,2736.6,2714.7,2711.3,2696.7,2785.3,2746.5,2812.8,2816.5,2772.9,2847.7,2914.2,2931.3,2934.8,2989.3,3043.9,3041.4,3046.6,3072.5,3033.6,3047.4,3102.5,3179.9,3175.3,3272.6,3290.4,3327.3,3440.9,3469.8,3401.6,3395.1,3478.5,3432.3,3553.7,3568.9,3601.7,3664.7,3650.9,3719.0,3785.6,3763.1,3804.8,3815.8,3948.0,3354.3,3979.2,4038.7,3993.8,4003.5,4083.5,4132.8,4257.2,4301.1,4397.4,4460.8,4568.7
 "50000","Vermont",1,SQGDP2,76,"71","   Arts, entertainment, and recreation ","Millions of current dollars",227.1,226.7,236.6,249.3,233.5,245.3,239.1,230.2,246.6,240.5,244.0,255.8,248.9,256.7,263.1,266.1,273.9,261.5,273.5,266.4,278.6,287.2,293.7,311.5,292.7,305.1,298.4,310.8,311.3,324.7,329.9,331.3,329.6,324.7,321.4,321.5,347.0,346.3,342.7,370.0,327.9,327.1,325.1,338.1,326.9,343.5,364.5,354.9,357.5,351.5,356.9,359.1,367.2,382.6,391.0,394.3,377.9,382.6,387.1,381.6,405.0,178.9,231.0,275.6,302.2,336.0,385.7,450.3,432.2,436.3,485.8,522.5,564.8
 "50000","Vermont",1,SQGDP2,79,"72","   Accommodation and food services ","Millions of current dollars",1054.6,1071.9,1083.8,1078.2,1084.6,1075.6,1093.0,1080.7,1078.1,1124.0,1120.3,1125.7,1099.7,1104.0,1108.8,1126.3,1075.4,1045.9,1058.9,1080.4,1074.0,1107.0,1120.5,1146.7,1139.0,1170.2,1172.0,1183.5,1209.5,1212.5,1262.0,1275.1,1332.7,1321.3,1324.5,1347.4,1347.2,1375.4,1403.4,1409.1,1521.5,1550.5,1550.0,1568.2,1539.3,1578.7,1642.2,1633.1,1733.0,1743.8,1772.2,1753.1,1850.1,1876.6,1880.8,1875.6,1963.2,1964.9,1974.5,1958.9,2011.1,869.8,1550.3,1634.1,1676.1,1918.1,2031.4,2211.9,2287.1,2369.4,2418.8,2446.2,2510.2
 "50000","Vermont",1,SQGDP2,82,"81","   Other services (except government and government enterprises) ","Millions of current dollars",616.2,616.5,623.2,620.5,621.3,623.8,628.5,630.4,617.4,615.1,612.6,606.6,604.4,598.6,595.5,598.8,590.5,587.2,589.1,597.0,583.8,591.2,606.2,600.5,588.7,593.5,598.2,611.4,626.2,638.1,643.1,646.0,645.6,644.6,649.1,652.3,650.7,668.0,684.0,687.7,680.2,696.7,696.1,702.3,718.9,709.8,703.4,700.9,713.0,710.6,719.8,733.6,758.7,773.3,780.6,781.5,784.8,786.9,794.3,803.1,787.7,638.6,748.5,778.6,779.5,801.9,842.2,867.8,893.6,905.9,938.3,996.1,1022.5
 "50000","Vermont",1,SQGDP2,83,"..."," Government and government enterprises ","Millions of current dollars",3372.2,3287.8,3306.7,3390.1,3457.2,3471.8,3540.7,3527.7,3574.5,3598.5,3662.2,3607.2,3772.0,3737.5,3790.7,3860.5,3798.6,3861.4,3837.2,3863.5,3878.3,3911.4,3944.6,3920.9,4079.8,4161.6,4081.7,4131.2,4092.9,4067.8,4065.1,4146.9,4245.0,4296.2,4307.5,4308.7,4237.6,4318.8,4327.5,4415.4,4428.5,4523.6,4391.5,4510.1,4530.5,4419.7,4569.8,4455.4,4553.2,4515.4,4649.7,4643.8,4685.6,4715.0,4761.9,4761.2,4782.9,4827.9,4887.7,4919.3,5045.7,4988.0,5088.9,5143.7,5023.5,5136.0,5184.3,5255.4,5071.4,5197.1,5241.8,5378.9,5417.7
 "50000","Vermont",1,SQGDP2,84,"...","  Federal civilian ","Millions of current dollars",608.5,609.6,604.5,609.3,624.3,621.5,628.0,635.8,634.7,644.1,670.9,674.9,683.6,699.0,711.9,726.0,732.3,761.6,737.0,743.2,758.6,796.7,749.6,753.5,770.9,775.9,792.5,800.7,797.7,798.8,809.3,816.2,827.4,834.8,828.4,846.8,856.1,873.8,882.8,887.2,903.2,905.4,911.9,921.3,942.0,947.4,956.8,961.8,965.1,975.6,988.7,1009.9,1026.5,1036.0,1044.2,1053.7,1056.9,1067.7,1073.2,1070.1,1083.0,1101.8,1124.9,1099.4,1115.2,1110.8,1110.2,1108.3,1118.6,1126.3,1145.2,1162.4,1183.7
 "50000","Vermont",1,SQGDP2,85,"...","  Military ","Millions of current dollars",211.6,210.5,212.8,214.8,196.4,202.2,203.9,201.9,201.8,202.5,209.3,210.2,218.9,221.3,227.2,231.0,237.5,237.4,232.9,237.4,241.2,235.1,233.6,230.3,219.3,224.9,221.0,222.4,214.2,213.0,212.9,208.3,206.1,207.4,203.5,204.1,185.2,190.6,200.8,209.8,185.8,194.3,186.5,194.2,192.5,193.7,194.9,198.8,187.2,193.2,200.9,204.5,194.3,190.0,190.1,192.5,195.8,197.8,197.2,194.2,191.2,196.7,190.8,190.5,191.6,194.9,193.1,191.9,242.0,307.7,261.0,271.5,244.8
 "50000","Vermont",1,SQGDP2,86,"...","  State and local ","Millions of current dollars",2552.1,2467.7,2489.4,2566.0,2636.5,2648.1,2708.8,2689.9,2738.0,2751.9,2782.0,2722.0,2869.5,2817.3,2851.6,2903.5,2828.7,2862.5,2867.3,2883.0,2878.5,2879.6,2961.3,2937.2,3089.7,3160.8,3068.2,3108.1,3080.9,3056.0,3043.0,3122.4,3211.5,3254.0,3275.6,3257.8,3196.4,3254.4,3244.0,3318.4,3339.5,3424.0,3293.1,3394.6,3396.0,3278.5,3418.1,3294.8,3400.9,3346.6,3460.1,3429.4,3464.8,3489.1,3527.5,3515.0,3530.1,3562.4,3617.2,3655.0,3771.5,3689.5,3773.1,3853.9,3716.7,3830.3,3881.0,3955.2,3710.9,3763.1,3835.7,3945.1,3989.3
"Note: See the included footnote file."
"SQGDP2: Gross domestic product (GDP) by state 1/"
"Last updated: June 30, 2023-- new statistics for 2023:Q1."
"U.S. Bureau of Economic Analysis"
