GeoFIPS,GeoName,Region,TableName,LineCode,IndustryClassification,Description,Unit,2005:Q2,2005:Q3,2005:Q4,2006:Q1,2006:Q2,2006:Q3,2006:Q4,2007:Q1,2007:Q2,2007:Q3,2007:Q4,2008:Q1,2008:Q2,2008:Q3,2008:Q4,2009:Q1,2009:Q2,2009:Q3,2009:Q4,2010:Q1,2010:Q2,2010:Q3,2010:Q4,2011:Q1,2011:Q2,2011:Q3,2011:Q4,2012:Q1,2012:Q2,2012:Q3,2012:Q4,2013:Q1,2013:Q2,2013:Q3,2013:Q4,2014:Q1,2014:Q2,2014:Q3,2014:Q4,2015:Q1,2015:Q2,2015:Q3,2015:Q4,2016:Q1,2016:Q2,2016:Q3,2016:Q4,2017:Q1,2017:Q2,2017:Q3,2017:Q4,2018:Q1,2018:Q2,2018:Q3,2018:Q4,2019:Q1,2019:Q2,2019:Q3,2019:Q4,2020:Q1,2020:Q2,2020:Q3,2020:Q4,2021:Q1,2021:Q2,2021:Q3,2021:Q4,2022:Q1,2022:Q2,2022:Q3,2022:Q4,2023:Q1
 "22000","Louisiana",5,SQGDP11,1,"...","All industry total (percent change) ","Percent change",5.1,-7.0,-0.8,1.2,-0.9,-2.4,0.3,-17.4,-5.2,-1.7,-1.1,1.0,4.8,1.5,3.2,2.3,-2.6,3.3,4.2,10.8,5.1,2.4,-7.4,-12.0,-4.3,-3.9,7.2,3.7,1.6,-9.5,-5.2,-0.8,-4.6,1.3,1.5,-0.4,11.4,5.9,2.6,-6.6,-3.7,-1.6,-3.9,-3.3,-0.6,0.1,2.2,5.1,1.4,1.7,0.3,4.7,1.1,-0.1,-0.4,0.9,-1.8,1.4,-2.5,-12.3,-32.1,28.8,-6.9,0.3,10.9,-1.4,0.8,-8.9,-3.0,2.5,2.2,1.4
 "22000","Louisiana",5,SQGDP11,2,"..."," Private industries ","Percentage points",5.22,-6.70,0.79,1.71,-1.11,-2.25,0.99,-16.09,-4.05,-1.33,-0.96,0.88,4.78,0.07,3.39,0.36,-3.49,2.36,3.60,10.60,5.13,1.85,-6.84,-12.57,-4.00,-3.61,6.70,5.01,1.33,-8.53,-4.91,-0.31,-4.15,2.27,2.07,0.00,11.73,6.01,2.33,-5.84,-3.63,-1.36,-3.81,-3.52,-0.61,0.03,2.54,4.12,2.11,1.11,0.31,4.68,0.80,0.04,-0.30,1.17,-1.92,1.24,-2.90,-12.33,-30.12,27.13,-6.81,1.71,9.78,-1.32,0.46,-6.97,-2.87,2.46,1.99,1.11
 "22000","Louisiana",5,SQGDP11,3,"11","   Agriculture, forestry, fishing and hunting ","Percentage points",0.13,0.02,-0.02,0.29,0.09,-0.14,0.06,-0.52,0.04,0.03,0.47,-0.57,0.11,-0.34,-0.07,1.21,-0.37,0.04,-0.30,0.52,-0.09,0.05,-0.06,-0.54,0.01,0.05,-0.05,0.20,0.07,0.38,-0.41,0.18,0.21,0.48,-0.41,-0.25,0.20,-0.45,-0.22,0.20,-0.09,0.16,0.01,0.25,-0.12,-0.02,0.06,0.24,-0.30,0.00,0.03,-0.21,0.46,0.01,0.05,-0.28,-0.13,0.14,-0.21,0.16,0.52,-0.27,0.02,-0.89,0.33,0.28,-0.26,0.04,0.13,0.02,0.12,0.43
 "22000","Louisiana",5,SQGDP11,6,"21","   Mining, quarrying, and oil and gas extraction ","Percentage points",0.54,-4.01,0.31,6.07,1.20,1.73,3.26,-1.67,-0.43,-2.87,-4.40,-2.76,-2.72,4.20,10.97,4.39,-1.62,-1.63,-3.02,-2.94,2.16,-0.91,-0.26,-3.05,0.00,1.45,1.75,1.14,-0.72,-3.23,0.01,-1.29,-0.99,-0.77,0.56,-2.19,1.57,0.88,0.20,1.58,-2.72,0.68,-0.14,0.13,-1.70,-0.51,-0.48,-0.28,0.97,0.97,-0.39,-0.03,0.11,0.06,0.18,1.22,0.00,0.15,0.05,-0.43,-0.67,-0.23,0.49,-0.63,0.08,-0.34,-0.11,-2.32,-0.63,0.50,0.70,0.29
 "22000","Louisiana",5,SQGDP11,10,"22","   Utilities ","Percentage points",-0.07,0.75,-0.09,-1.23,1.48,-0.16,-0.39,-0.33,0.17,0.16,0.05,0.57,0.39,0.27,-2.33,0.19,-0.53,0.17,0.91,0.67,0.68,0.09,0.22,-0.13,0.22,-0.19,0.29,-0.81,0.31,0.10,-0.02,-0.46,0.06,0.52,-0.38,0.05,-0.02,-0.32,0.26,-0.61,0.42,-0.31,0.37,-0.43,0.41,0.32,-0.14,-0.24,0.16,-0.06,-0.17,0.09,-0.12,-0.16,0.24,0.03,0.80,-0.41,0.42,-0.07,-0.01,0.42,0.32,-1.04,0.61,0.32,0.00,-1.16,-0.05,-0.41,-0.14,-0.08
 "22000","Louisiana",5,SQGDP11,11,"23","   Construction ","Percentage points",-0.05,-0.92,1.09,1.39,0.75,-0.53,0.05,0.58,0.52,1.03,-0.61,-1.13,1.41,-0.02,0.75,-1.24,-0.09,0.73,-1.15,-0.82,-0.12,0.71,-0.52,-0.14,0.44,-1.05,-0.87,0.87,0.20,-0.78,1.07,-0.38,0.22,-0.09,-0.12,0.14,0.90,0.38,0.07,-0.28,-0.20,0.45,0.38,-0.18,-0.23,0.32,0.91,1.29,-0.33,0.09,-0.65,0.56,0.66,0.02,-0.89,-0.61,-1.12,-0.79,0.01,-1.04,-2.33,0.79,0.08,-0.30,2.20,-0.51,-1.98,-1.85,-1.05,-1.30,-0.42,0.49
 "22000","Louisiana",5,SQGDP11,12,"31-33","   Manufacturing ","Percentage points",4.33,-1.29,-1.89,-8.70,-7.52,-4.87,-3.74,-7.76,-2.16,-1.53,1.50,-3.13,1.45,-3.28,-6.54,-4.70,2.33,2.93,7.49,7.20,0.03,-1.68,-5.90,-6.34,-6.18,-3.75,3.23,2.46,0.22,-5.09,-5.65,-2.18,-1.56,0.00,1.99,3.77,5.05,1.72,0.46,-3.62,-2.23,-2.81,-2.37,-0.54,0.39,0.05,0.89,3.60,2.40,0.02,0.90,1.36,-1.24,-0.23,0.08,1.47,-0.46,0.07,-3.20,-6.63,-7.95,1.35,-2.79,0.36,2.53,-0.95,0.72,0.88,-1.53,0.33,0.66,-1.16
 "22000","Louisiana",5,SQGDP11,13,"321,327-339","     Durable goods manufacturing ","Percentage points",0.47,-0.26,0.22,0.31,-0.01,0.61,0.20,0.56,0.69,0.24,-0.01,-0.67,-0.12,-0.21,-0.56,-1.22,-0.26,-0.01,-0.09,0.61,0.14,0.51,0.04,-0.14,0.14,0.08,0.78,-0.74,0.47,-0.56,0.03,-0.28,-0.15,0.27,0.20,0.48,0.46,0.08,-0.23,-0.82,-0.85,-0.35,-0.18,-0.44,-0.63,-0.25,0.14,0.13,-0.08,0.19,0.25,0.44,0.07,0.04,-0.03,0.01,-0.01,0.10,-0.42,-0.57,-1.20,1.43,-0.77,0.13,1.19,-0.61,0.26,-0.71,0.04,0.13,0.51,-0.12
 "22000","Louisiana",5,SQGDP11,25,"311-316,322-326","     Nondurable goods manufacturing ","Percentage points",3.86,-1.03,-2.11,-9.01,-7.51,-5.48,-3.94,-8.31,-2.86,-1.77,1.51,-2.47,1.56,-3.07,-5.98,-3.48,2.58,2.94,7.58,6.59,-0.11,-2.19,-5.93,-6.20,-6.32,-3.83,2.45,3.19,-0.25,-4.52,-5.68,-1.90,-1.41,-0.26,1.80,3.29,4.59,1.64,0.69,-2.80,-1.38,-2.46,-2.20,-0.11,1.01,0.30,0.75,3.47,2.48,-0.16,0.65,0.92,-1.31,-0.27,0.10,1.45,-0.45,-0.03,-2.78,-6.06,-6.75,-0.08,-2.02,0.23,1.34,-0.34,0.46,1.58,-1.57,0.20,0.15,-1.04
 "22000","Louisiana",5,SQGDP11,34,"42","   Wholesale trade ","Percentage points",0.20,-0.17,0.19,0.44,-0.10,0.27,0.42,-0.25,0.50,0.34,0.12,-0.12,0.09,-0.18,-0.52,-1.25,-0.89,-0.18,0.55,-0.04,0.82,0.47,-0.12,-0.43,-0.07,0.14,1.09,-0.64,0.69,-0.32,0.28,0.40,-0.44,0.14,0.17,-0.28,0.65,0.64,-0.34,-0.27,-0.23,-0.22,-0.31,-0.12,0.04,0.27,-0.29,0.19,-0.21,-0.02,-0.14,0.92,-0.33,0.27,-0.02,0.35,-0.47,0.19,-0.16,0.93,-1.86,2.14,-0.09,0.10,0.42,-0.20,0.32,-0.36,-0.43,0.76,0.71,-0.06
 "22000","Louisiana",5,SQGDP11,35,"44-45","   Retail trade ","Percentage points",1.13,-0.62,0.37,2.18,0.73,-0.37,0.22,0.29,-0.78,0.21,0.01,-0.90,-0.24,-0.32,-0.12,-0.67,-0.01,-0.39,0.11,-0.14,0.56,0.32,-0.56,0.38,-0.30,-0.22,-0.11,0.41,-0.36,0.39,0.12,0.55,-0.25,-0.06,-0.27,-0.12,0.41,0.16,-0.24,-0.42,0.59,0.49,-0.14,0.57,0.71,-0.01,1.04,-0.38,-0.04,0.11,-0.17,0.26,-0.23,0.05,-0.42,-0.02,-0.30,0.23,-0.32,-0.68,-0.99,3.28,-0.92,1.31,-0.93,-1.24,0.12,-0.59,0.06,0.42,0.33,0.49
 "22000","Louisiana",5,SQGDP11,36,"48-49","   Transportation and warehousing ","Percentage points",0.32,0.47,0.11,0.60,0.73,0.21,0.52,-0.06,0.62,-0.13,0.68,0.60,0.35,0.23,-0.28,-0.94,0.04,-0.19,-0.09,0.10,0.08,0.63,0.12,-0.44,0.25,-0.06,0.05,0.22,0.13,0.14,0.45,0.60,-0.03,0.21,0.45,-1.00,0.00,0.65,0.07,-2.45,-0.10,-0.08,-0.73,-0.87,-0.16,-0.79,-0.20,0.13,-0.21,-0.13,0.23,-0.12,0.22,-0.02,-0.08,-0.29,-0.08,0.29,0.06,-0.30,-2.22,2.02,-0.79,0.11,-0.84,0.38,-0.01,-0.35,0.04,0.32,0.12,-0.04
 "22000","Louisiana",5,SQGDP11,45,"51","   Information ","Percentage points",-0.06,0.48,0.09,-0.21,0.12,-0.02,-0.06,0.58,0.00,0.41,-0.09,0.19,0.50,-0.86,0.09,-0.13,-0.39,0.84,0.00,0.07,0.39,0.37,0.01,-0.45,-0.07,-0.39,0.19,0.28,-0.01,-0.36,-0.12,0.77,0.22,0.39,-0.21,-0.79,0.67,-0.24,0.65,-0.03,0.91,0.02,-0.51,-0.28,-0.31,0.46,-0.19,0.17,0.03,0.10,0.01,0.04,0.33,-0.50,0.23,0.00,-0.12,0.34,-0.60,-0.18,-0.91,0.78,0.18,-0.25,1.14,0.06,0.56,0.04,0.04,0.42,-0.06,0.22
 "22000","Louisiana",5,SQGDP11,51,"52","   Finance and insurance ","Percentage points",-0.33,-0.46,1.54,-1.06,-0.28,0.15,-0.19,0.13,0.08,0.09,-0.32,1.27,0.01,-1.11,-1.58,2.93,0.24,-0.09,-0.49,0.54,-0.68,0.45,-0.36,0.80,-0.20,-0.07,-0.43,0.62,-0.67,-0.21,-0.92,-0.12,-0.32,-0.14,0.37,0.97,1.09,-0.12,0.38,0.45,0.36,-0.33,0.93,-0.55,0.83,0.51,0.48,-0.05,-0.53,0.35,-0.25,1.14,-0.64,0.55,-0.90,0.20,-0.34,-0.20,0.90,-0.80,0.74,1.64,-0.03,0.08,0.22,-0.37,0.58,-0.57,0.00,-0.18,-0.20,-0.28
 "22000","Louisiana",5,SQGDP11,56,"53","   Real estate and rental and leasing ","Percentage points",-0.18,-0.37,0.48,0.02,0.20,0.75,0.12,-7.42,-2.73,0.02,0.44,4.78,2.33,1.48,1.51,2.43,-1.00,-0.11,-0.39,3.74,0.12,0.12,0.40,0.08,1.25,0.84,1.35,-0.67,1.03,0.44,-0.18,0.29,-0.24,0.30,-0.28,-1.30,0.11,0.78,0.71,-0.27,-0.06,-0.05,-0.44,-0.35,-0.46,-0.51,-0.30,-0.36,0.33,-0.11,0.18,0.89,0.41,0.33,0.60,0.09,0.25,0.49,-0.19,-0.19,-1.92,1.01,-0.53,0.46,0.23,0.24,0.45,0.13,-0.13,0.26,-0.43,-0.01
 "22000","Louisiana",5,SQGDP11,60,"54","   Professional, scientific, and technical services ","Percentage points",-0.37,-0.27,-0.07,1.13,0.34,0.09,0.10,0.34,0.12,0.60,0.45,0.76,0.71,0.27,0.45,-1.30,-0.49,-0.17,-0.23,0.52,0.27,0.40,-0.03,-0.32,0.21,0.07,0.30,0.31,0.17,-0.04,-0.30,0.63,-0.29,0.11,0.26,0.07,0.28,0.61,-0.13,-0.21,0.02,-0.15,-0.31,-0.27,-0.38,-0.28,0.01,0.03,-0.06,-0.01,0.50,-0.03,0.21,0.10,-0.06,0.28,0.01,0.05,-0.25,-0.89,-1.05,0.89,-0.73,0.16,1.31,0.49,-0.05,0.10,0.31,0.52,0.25,-0.01
 "22000","Louisiana",5,SQGDP11,64,"55","   Management of companies and enterprises ","Percentage points",-0.27,0.75,-0.82,-0.21,-0.01,0.39,-0.07,-0.09,-0.05,-0.19,0.13,0.37,0.08,-0.13,0.09,-0.13,-0.25,0.31,-0.05,-0.13,0.12,0.34,-0.05,-0.19,0.13,-0.15,0.07,-0.10,0.34,-0.20,0.59,0.03,-0.34,0.65,-0.61,0.37,-0.18,-0.02,-0.02,-0.07,-0.19,0.13,-0.05,-0.02,0.11,0.14,-0.07,0.11,0.06,0.03,0.19,-0.51,0.29,-0.09,0.30,-0.17,-0.02,0.01,-0.01,0.26,-0.36,-0.09,0.25,0.47,-0.20,0.27,-0.08,0.27,0.06,0.03,0.11,-0.03
 "22000","Louisiana",5,SQGDP11,65,"56","   Administrative and support and waste management and remediation services ","Percentage points",0.48,-0.25,1.44,0.31,0.00,-0.29,-0.04,0.36,0.13,0.27,0.18,0.22,0.38,-0.43,0.34,-0.69,0.00,-0.03,-0.14,0.29,0.46,0.37,0.01,-0.61,-0.15,-0.34,-0.10,0.23,0.32,-0.19,0.36,-0.03,-0.01,-0.06,0.15,0.22,0.12,0.09,0.07,0.04,-0.05,0.18,-0.58,-0.40,0.03,0.00,0.11,0.13,0.01,0.08,0.01,0.31,0.15,0.07,0.11,-0.06,0.10,-0.12,0.03,-0.23,-1.13,1.21,-0.12,0.46,0.47,0.43,0.64,-0.11,-0.12,-0.07,0.03,0.08
 "22000","Louisiana",5,SQGDP11,69,"61","   Educational services ","Percentage points",-0.02,-0.07,-0.28,0.12,0.00,0.00,0.14,-0.04,0.02,0.05,0.04,0.07,0.06,0.13,0.06,0.14,0.05,-0.03,0.08,0.08,0.11,0.03,0.10,-0.18,0.07,-0.09,0.02,0.08,-0.06,-0.03,0.00,0.04,-0.02,0.09,-0.04,-0.07,-0.01,0.10,-0.03,-0.14,0.00,0.05,0.01,0.22,-0.01,-0.07,0.09,-0.06,0.05,-0.12,0.02,0.13,0.00,0.01,0.09,0.06,0.02,0.04,0.07,-0.29,-0.37,0.22,-0.25,0.24,0.12,0.09,-0.04,0.02,-0.10,0.18,0.13,-0.06
 "22000","Louisiana",5,SQGDP11,70,"62","   Health care and social assistance ","Percentage points",-0.16,-0.09,-0.66,0.22,0.44,-0.01,0.76,-0.56,0.21,0.11,0.60,0.69,0.32,0.52,0.35,0.51,-0.11,-0.01,0.36,0.41,0.21,-0.08,-0.19,0.08,-0.03,0.12,0.11,0.08,-0.05,0.17,0.01,0.20,-0.02,0.34,0.15,0.48,0.34,0.61,0.28,0.17,0.04,0.55,0.12,-0.32,0.51,0.24,0.48,-0.45,0.19,-0.57,0.24,0.19,0.18,0.05,0.11,0.13,0.31,0.11,0.57,-0.51,-2.64,5.71,-1.39,-0.04,0.09,-0.45,0.03,-0.06,0.24,0.50,0.29,0.72
 "22000","Louisiana",5,SQGDP11,76,"71","   Arts, entertainment, and recreation ","Percentage points",-0.40,0.12,-0.13,-0.47,0.30,0.17,-0.28,0.21,-0.17,0.21,-0.22,0.39,-0.23,-0.03,0.04,-0.64,0.15,-0.11,0.24,0.11,-0.32,-0.23,0.59,-0.37,0.15,0.09,-0.26,0.23,-0.29,0.44,-0.47,0.33,-0.15,-0.09,0.16,-0.08,0.05,0.15,-0.15,-0.02,-0.12,-0.13,0.20,-0.18,0.05,0.27,-0.11,0.17,-0.31,0.31,-0.06,0.00,0.31,-0.29,0.02,-0.18,0.08,0.39,0.01,-0.74,-1.28,0.70,0.58,0.32,-0.32,0.40,0.35,-0.70,0.08,0.03,0.05,0.00
 "22000","Louisiana",5,SQGDP11,79,"72","   Accommodation and food services ","Percentage points",0.05,-0.50,-0.72,0.56,0.27,0.35,0.11,0.06,-0.12,-0.13,0.04,-0.54,-0.15,-0.12,-0.01,0.39,-0.27,0.30,-0.14,0.33,0.21,0.36,-0.23,-0.43,0.27,-0.08,0.07,0.05,-0.03,-0.09,0.24,0.32,-0.08,0.19,0.07,0.26,0.24,0.22,0.29,0.20,0.06,0.08,-0.24,-0.22,-0.17,-0.25,0.19,0.15,-0.09,0.02,-0.15,-0.40,-0.06,-0.14,0.09,-0.87,-0.32,0.08,-0.18,-0.38,-4.39,4.28,-0.80,0.89,1.99,-0.14,-0.42,-0.33,0.23,0.06,-0.08,0.16
 "22000","Louisiana",5,SQGDP11,82,"81","   Other services (except government and government enterprises) ","Percentage points",-0.06,-0.25,-0.14,0.27,0.14,0.03,0.01,0.06,-0.03,0.00,-0.04,0.12,-0.10,-0.20,0.18,-0.12,-0.29,-0.02,-0.11,0.09,0.14,0.05,-0.04,-0.31,0.00,0.00,-0.03,0.06,0.01,-0.02,0.04,-0.19,-0.11,0.07,0.02,-0.23,0.26,0.16,0.01,-0.11,-0.05,-0.08,-0.01,0.05,-0.15,-0.12,0.05,-0.26,-0.01,0.06,-0.01,0.10,0.10,-0.04,-0.04,-0.18,-0.12,0.17,0.09,-0.31,-1.32,1.28,-0.30,-0.09,0.34,-0.11,-0.34,-0.05,-0.01,0.08,-0.15,-0.03
 "22000","Louisiana",5,SQGDP11,83,"..."," Government and government enterprises ","Percentage points",-0.16,-0.27,-1.64,-0.55,0.17,-0.13,-0.65,-1.32,-1.17,-0.35,-0.14,0.17,0.00,1.47,-0.18,1.96,0.90,0.94,0.58,0.18,-0.04,0.55,-0.60,0.59,-0.33,-0.25,0.50,-1.27,0.26,-0.98,-0.28,-0.53,-0.43,-0.93,-0.56,-0.37,-0.35,-0.09,0.26,-0.71,-0.09,-0.26,-0.04,0.22,0.01,0.05,-0.35,1.01,-0.67,0.60,0.03,0.02,0.28,-0.10,-0.12,-0.23,0.15,0.16,0.39,0.05,-2.01,1.63,-0.06,-1.39,1.09,-0.04,0.35,-1.89,-0.15,0.05,0.26,0.24
 "22000","Louisiana",5,SQGDP11,84,"...","  Federal civilian ","Percentage points",-0.04,-0.06,-0.04,-0.09,-0.02,-0.10,-0.08,-0.04,-0.03,0.09,0.06,0.09,0.04,0.02,0.00,-0.04,0.10,-0.14,-0.03,0.13,-0.06,-0.07,-0.13,-0.01,-0.02,-0.05,-0.02,-0.02,0.10,-0.02,-0.02,-0.07,-0.14,-0.15,-0.05,0.10,0.00,0.00,0.00,0.00,0.09,0.04,0.07,0.15,0.02,0.05,0.01,0.01,0.02,0.05,0.06,0.02,0.01,-0.01,0.03,-0.08,0.11,0.06,0.01,0.08,0.04,0.43,-0.28,-0.07,-0.02,-0.07,-0.01,0.00,-0.05,-0.04,0.08,0.02
 "22000","Louisiana",5,SQGDP11,85,"...","  Military ","Percentage points",-0.02,-0.09,-0.06,-0.23,-0.10,-0.07,0.00,-0.07,0.08,0.12,0.06,0.05,0.04,0.09,-0.02,0.01,0.00,0.08,0.13,0.23,0.10,0.00,-0.04,-0.03,-0.04,-0.02,0.03,-0.05,-0.09,-0.05,-0.06,0.00,-0.06,-0.03,-0.11,-0.12,-0.02,-0.06,-0.04,-0.12,-0.04,0.04,-0.08,0.05,0.02,0.00,-0.04,-0.32,0.00,0.00,0.00,-0.17,0.00,0.01,0.02,-0.07,0.09,0.01,0.01,-0.02,0.10,0.03,0.04,0.14,0.03,-0.05,0.00,0.10,0.13,-0.09,-0.02,-0.04
 "22000","Louisiana",5,SQGDP11,86,"...","  State and local ","Percentage points",-0.10,-0.12,-1.54,-0.23,0.29,0.04,-0.57,-1.21,-1.21,-0.55,-0.26,0.02,-0.08,1.36,-0.16,2.00,0.80,1.00,0.48,-0.18,-0.08,0.62,-0.44,0.62,-0.27,-0.18,0.50,-1.19,0.24,-0.92,-0.19,-0.46,-0.23,-0.74,-0.40,-0.35,-0.33,-0.04,0.30,-0.59,-0.13,-0.35,-0.03,0.02,-0.03,0.00,-0.32,1.32,-0.69,0.54,-0.02,0.16,0.27,-0.11,-0.17,-0.09,-0.05,0.09,0.37,-0.02,-2.14,1.17,0.18,-1.47,1.08,0.08,0.36,-1.99,-0.23,0.18,0.19,0.25
"Note: See the included footnote file."
"SQGDP11: Contributions to percent change in real GDP 1/"
"Last updated: June 30, 2023-- new statistics for 2023:Q1."
"U.S. Bureau of Economic Analysis"
